{
  "full": {
    "label": "full model + self-calibration",
    "gws": 37,
    "mae": 1.7411296490928012,
    "maeEarly": 1.675517856879422,
    "maeLate": 1.753828705650229,
    "bias": 0.09305678302889113,
    "biasLate": 0.08628934822065332,
    "fitBias": -0.18411795330762223,
    "rho": 0.5054255400734524,
    "top10": 5.762162162162162,
    "top10Form": 4.5027027027027025,
    "top10Ppg": 4.635135135135133,
    "top10Vaastav": 7.618918918918919,
    "cap": 9.35135135135135,
    "capForm": 6.72972972972973,
    "bestCap": 17.972972972972972,
    "maeForm": 1.6883200318136988,
    "maeVaastav": 1.3187426521561252
  },
  "noCal": {
    "label": "model without calibration",
    "gws": 37,
    "mae": 1.6513907849587144,
    "maeEarly": 1.6366518012851878,
    "maeLate": 1.6542434914761714,
    "bias": 0.4187556700500062,
    "biasLate": 0.4090797456964187,
    "fitBias": -0.07020691057217161,
    "rho": 0.5524174757797717,
    "top10": 5.832432432432433,
    "top10Form": 4.5027027027027025,
    "top10Ppg": 4.635135135135133,
    "top10Vaastav": 7.537837837837837,
    "cap": 8.891891891891891,
    "capForm": 6.72972972972973,
    "bestCap": 17.972972972972972,
    "maeForm": 1.2738282106168648,
    "maeVaastav": 1.0264872347581677
  },
  "noRecent": {
    "label": "without recent-starts",
    "gws": 37,
    "mae": 1.650846000818098,
    "maeEarly": 1.640684582931567,
    "maeLate": 1.6528127268606523,
    "bias": 0.4208880191306099,
    "biasLate": 0.41043503834173284,
    "fitBias": -0.09934873684272143,
    "rho": 0.5147543276065356,
    "top10": 5.651351351351352,
    "top10Form": 4.518918918918919,
    "top10Ppg": 4.629729729729728,
    "top10Vaastav": 7.5729729729729724,
    "cap": 8.945945945945946,
    "capForm": 6.72972972972973,
    "bestCap": 17.972972972972972,
    "maeForm": 1.2391808091346568,
    "maeVaastav": 1.0020698406159265
  },
  "finalFactors": {
    "global": 0.9374188596766828,
    "byPos": {
      "1": 0.9569094503212308,
      "2": 0.9642709632680067,
      "3": 0.951774588768838,
      "4": 0.8298347484951374
    }
  },
  "perGw": [
    {
      "gw": 2,
      "n": 555,
      "mae": 1.638,
      "bias": 0.343,
      "rho": 0.664
    },
    {
      "gw": 3,
      "n": 402,
      "mae": 1.514,
      "bias": 0.187,
      "rho": 0.54
    },
    {
      "gw": 4,
      "n": 397,
      "mae": 1.716,
      "bias": 0.044,
      "rho": 0.451
    },
    {
      "gw": 5,
      "n": 419,
      "mae": 1.708,
      "bias": 0.106,
      "rho": 0.496
    },
    {
      "gw": 6,
      "n": 419,
      "mae": 1.704,
      "bias": 0.136,
      "rho": 0.506
    },
    {
      "gw": 7,
      "n": 399,
      "mae": 1.775,
      "bias": -0.05,
      "rho": 0.524
    },
    {
      "gw": 8,
      "n": 475,
      "mae": 1.645,
      "bias": 0.246,
      "rho": 0.597
    },
    {
      "gw": 9,
      "n": 379,
      "mae": 1.615,
      "bias": 0.073,
      "rho": 0.437
    },
    {
      "gw": 10,
      "n": 393,
      "mae": 1.578,
      "bias": 0.082,
      "rho": 0.516
    },
    {
      "gw": 11,
      "n": 396,
      "mae": 1.76,
      "bias": 0.043,
      "rho": 0.508
    },
    {
      "gw": 12,
      "n": 405,
      "mae": 1.864,
      "bias": 0.06,
      "rho": 0.397
    },
    {
      "gw": 13,
      "n": 432,
      "mae": 1.703,
      "bias": 0.116,
      "rho": 0.49
    },
    {
      "gw": 14,
      "n": 386,
      "mae": 1.878,
      "bias": 0.036,
      "rho": 0.45
    },
    {
      "gw": 15,
      "n": 362,
      "mae": 1.662,
      "bias": 0.171,
      "rho": 0.529
    },
    {
      "gw": 16,
      "n": 368,
      "mae": 1.746,
      "bias": 0.035,
      "rho": 0.504
    },
    {
      "gw": 17,
      "n": 395,
      "mae": 1.997,
      "bias": -0.065,
      "rho": 0.465
    },
    {
      "gw": 18,
      "n": 487,
      "mae": 1.581,
      "bias": 0.193,
      "rho": 0.585
    },
    {
      "gw": 19,
      "n": 380,
      "mae": 1.838,
      "bias": 0.06,
      "rho": 0.482
    },
    {
      "gw": 20,
      "n": 395,
      "mae": 1.674,
      "bias": 0.164,
      "rho": 0.537
    },
    {
      "gw": 21,
      "n": 348,
      "mae": 1.696,
      "bias": -0.026,
      "rho": 0.546
    },
    {
      "gw": 22,
      "n": 422,
      "mae": 1.859,
      "bias": 0.113,
      "rho": 0.536
    },
    {
      "gw": 23,
      "n": 412,
      "mae": 1.668,
      "bias": 0.081,
      "rho": 0.554
    },
    {
      "gw": 24,
      "n": 396,
      "mae": 1.87,
      "bias": 0.104,
      "rho": 0.53
    },
    {
      "gw": 25,
      "n": 385,
      "mae": 1.851,
      "bias": 0.097,
      "rho": 0.428
    },
    {
      "gw": 26,
      "n": 349,
      "mae": 2.066,
      "bias": -0.054,
      "rho": 0.391
    },
    {
      "gw": 27,
      "n": 454,
      "mae": 1.653,
      "bias": 0.196,
      "rho": 0.589
    },
    {
      "gw": 28,
      "n": 352,
      "mae": 1.59,
      "bias": 0.047,
      "rho": 0.512
    },
    {
      "gw": 29,
      "n": 291,
      "mae": 1.754,
      "bias": 0.002,
      "rho": 0.523
    },
    {
      "gw": 30,
      "n": 431,
      "mae": 1.602,
      "bias": 0.233,
      "rho": 0.512
    },
    {
      "gw": 31,
      "n": 329,
      "mae": 1.755,
      "bias": 0.012,
      "rho": 0.425
    },
    {
      "gw": 32,
      "n": 394,
      "mae": 1.957,
      "bias": 0.096,
      "rho": 0.475
    },
    {
      "gw": 33,
      "n": 422,
      "mae": 1.958,
      "bias": 0.105,
      "rho": 0.491
    },
    {
      "gw": 34,
      "n": 270,
      "mae": 1.788,
      "bias": -0.085,
      "rho": 0.577
    },
    {
      "gw": 35,
      "n": 480,
      "mae": 1.512,
      "bias": 0.371,
      "rho": 0.539
    },
    {
      "gw": 36,
      "n": 315,
      "mae": 1.909,
      "bias": -0.137,
      "rho": 0.421
    },
    {
      "gw": 37,
      "n": 498,
      "mae": 1.656,
      "bias": 0.291,
      "rho": 0.498
    },
    {
      "gw": 38,
      "n": 337,
      "mae": 1.683,
      "bias": 0.014,
      "rho": 0.474
    }
  ]
}