{
  "full": {
    "label": "full model + self-calibration",
    "gws": 37,
    "mae": 1.8403339352527202,
    "maeEarly": 1.7727194984678887,
    "maeLate": 1.8534206004368814,
    "bias": 0.0994468849458449,
    "biasLate": 0.08676012909174188,
    "fitBias": -0.2011389468480155,
    "rho": 0.4759626213313349,
    "top10": 5.064864864864865,
    "top10Form": 4.643243243243245,
    "top10Ppg": 4.467567567567567,
    "top10Vaastav": 8.597297297297299,
    "cap": 6.486486486486487,
    "capForm": 5.594594594594595,
    "bestCap": 18.37837837837838,
    "maeForm": 1.7701941372113312,
    "maeVaastav": 1.302656233902552
  },
  "noCal": {
    "label": "model without calibration",
    "gws": 37,
    "mae": 1.6998222948228263,
    "maeEarly": 1.6847650576731432,
    "maeLate": 1.7027365987872805,
    "bias": 0.4722623970065528,
    "biasLate": 0.46909303576275146,
    "fitBias": -0.08677601788091505,
    "rho": 0.5041238645666006,
    "top10": 5.197297297297299,
    "top10Form": 4.643243243243245,
    "top10Ppg": 4.481081081081081,
    "top10Vaastav": 8.556756756756759,
    "cap": 6.621621621621622,
    "capForm": 5.594594594594595,
    "bestCap": 18.37837837837838,
    "maeForm": 1.2622568481634917,
    "maeVaastav": 0.9686143604521854
  },
  "noRecent": {
    "label": "without recent-starts",
    "gws": 37,
    "mae": 1.690463781799523,
    "maeEarly": 1.686626508027083,
    "maeLate": 1.6912064799490283,
    "bias": 0.47267505917672886,
    "biasLate": 0.46869641250648464,
    "fitBias": -0.1249901220885834,
    "rho": 0.4582317613285621,
    "top10": 5.264864864864865,
    "top10Form": 4.643243243243245,
    "top10Ppg": 4.302702702702701,
    "top10Vaastav": 8.594594594594597,
    "cap": 6.378378378378378,
    "capForm": 5.594594594594595,
    "bestCap": 18.37837837837838,
    "maeForm": 1.2262987041016347,
    "maeVaastav": 0.9451251937312869
  },
  "finalFactors": {
    "global": 0.9511138294791239,
    "byPos": {
      "1": 0.9121403771773937,
      "2": 0.9430224451475347,
      "3": 0.9565096575245429,
      "4": 0.9929547155411169
    }
  },
  "perGw": [
    {
      "gw": 2,
      "n": 502,
      "mae": 1.723,
      "bias": 0.394,
      "rho": 0.552
    },
    {
      "gw": 3,
      "n": 364,
      "mae": 1.716,
      "bias": 0.08,
      "rho": 0.536
    },
    {
      "gw": 4,
      "n": 392,
      "mae": 1.821,
      "bias": 0.06,
      "rho": 0.465
    },
    {
      "gw": 5,
      "n": 427,
      "mae": 1.692,
      "bias": 0.197,
      "rho": 0.436
    },
    {
      "gw": 6,
      "n": 379,
      "mae": 1.905,
      "bias": -0.012,
      "rho": 0.437
    },
    {
      "gw": 7,
      "n": 491,
      "mae": 1.778,
      "bias": 0.271,
      "rho": 0.482
    },
    {
      "gw": 8,
      "n": 362,
      "mae": 1.759,
      "bias": 0.022,
      "rho": 0.455
    },
    {
      "gw": 9,
      "n": 403,
      "mae": 1.699,
      "bias": 0.089,
      "rho": 0.496
    },
    {
      "gw": 10,
      "n": 391,
      "mae": 1.712,
      "bias": 0.092,
      "rho": 0.504
    },
    {
      "gw": 11,
      "n": 400,
      "mae": 1.87,
      "bias": 0.069,
      "rho": 0.434
    },
    {
      "gw": 12,
      "n": 389,
      "mae": 1.804,
      "bias": 0.072,
      "rho": 0.47
    },
    {
      "gw": 13,
      "n": 404,
      "mae": 1.794,
      "bias": 0.131,
      "rho": 0.414
    },
    {
      "gw": 14,
      "n": 388,
      "mae": 1.796,
      "bias": 0.062,
      "rho": 0.43
    },
    {
      "gw": 15,
      "n": 379,
      "mae": 1.899,
      "bias": 0.033,
      "rho": 0.456
    },
    {
      "gw": 16,
      "n": 403,
      "mae": 1.687,
      "bias": 0.112,
      "rho": 0.478
    },
    {
      "gw": 17,
      "n": 343,
      "mae": 1.847,
      "bias": 0.1,
      "rho": 0.406
    },
    {
      "gw": 18,
      "n": 340,
      "mae": 1.697,
      "bias": 0.115,
      "rho": 0.5
    },
    {
      "gw": 19,
      "n": 353,
      "mae": 1.931,
      "bias": 0.061,
      "rho": 0.377
    },
    {
      "gw": 20,
      "n": 403,
      "mae": 1.777,
      "bias": 0.085,
      "rho": 0.462
    },
    {
      "gw": 21,
      "n": 381,
      "mae": 1.888,
      "bias": 0.013,
      "rho": 0.4
    },
    {
      "gw": 22,
      "n": 416,
      "mae": 1.85,
      "bias": 0.109,
      "rho": 0.539
    },
    {
      "gw": 23,
      "n": 404,
      "mae": 1.84,
      "bias": 0.116,
      "rho": 0.52
    },
    {
      "gw": 24,
      "n": 376,
      "mae": 1.84,
      "bias": 0.035,
      "rho": 0.512
    },
    {
      "gw": 25,
      "n": 477,
      "mae": 1.969,
      "bias": 0.259,
      "rho": 0.482
    },
    {
      "gw": 26,
      "n": 257,
      "mae": 1.89,
      "bias": -0.103,
      "rho": 0.451
    },
    {
      "gw": 27,
      "n": 458,
      "mae": 1.799,
      "bias": 0.146,
      "rho": 0.52
    },
    {
      "gw": 28,
      "n": 404,
      "mae": 1.951,
      "bias": 0.215,
      "rho": 0.472
    },
    {
      "gw": 29,
      "n": 133,
      "mae": 1.656,
      "bias": 0.047,
      "rho": 0.434
    },
    {
      "gw": 30,
      "n": 340,
      "mae": 1.875,
      "bias": 0.064,
      "rho": 0.466
    },
    {
      "gw": 31,
      "n": 367,
      "mae": 1.701,
      "bias": 0.073,
      "rho": 0.515
    },
    {
      "gw": 32,
      "n": 358,
      "mae": 1.692,
      "bias": 0.06,
      "rho": 0.564
    },
    {
      "gw": 33,
      "n": 379,
      "mae": 1.922,
      "bias": 0.039,
      "rho": 0.408
    },
    {
      "gw": 34,
      "n": 470,
      "mae": 2.406,
      "bias": 0.099,
      "rho": 0.47
    },
    {
      "gw": 35,
      "n": 406,
      "mae": 1.909,
      "bias": 0.164,
      "rho": 0.487
    },
    {
      "gw": 36,
      "n": 324,
      "mae": 2.005,
      "bias": -0.167,
      "rho": 0.555
    },
    {
      "gw": 37,
      "n": 645,
      "mae": 1.902,
      "bias": 0.568,
      "rho": 0.547
    },
    {
      "gw": 38,
      "n": 281,
      "mae": 2.087,
      "bias": -0.087,
      "rho": 0.479
    }
  ]
}